-- MySQL dump 10.13  Distrib 8.0.29, for Win64 (x86_64)
--
-- Host: 127.0.0.1    Database: nodejs_sql
-- ------------------------------------------------------
-- Server version	8.0.29

/*!40101 SET @OLD_CHARACTER_SET_CLIENT=@@CHARACTER_SET_CLIENT */;
/*!40101 SET @OLD_CHARACTER_SET_RESULTS=@@CHARACTER_SET_RESULTS */;
/*!40101 SET @OLD_COLLATION_CONNECTION=@@COLLATION_CONNECTION */;
/*!50503 SET NAMES utf8 */;
/*!40103 SET @OLD_TIME_ZONE=@@TIME_ZONE */;
/*!40103 SET TIME_ZONE='+00:00' */;
/*!40014 SET @OLD_UNIQUE_CHECKS=@@UNIQUE_CHECKS, UNIQUE_CHECKS=0 */;
/*!40014 SET @OLD_FOREIGN_KEY_CHECKS=@@FOREIGN_KEY_CHECKS, FOREIGN_KEY_CHECKS=0 */;
/*!40101 SET @OLD_SQL_MODE=@@SQL_MODE, SQL_MODE='NO_AUTO_VALUE_ON_ZERO' */;
/*!40111 SET @OLD_SQL_NOTES=@@SQL_NOTES, SQL_NOTES=0 */;

--
-- Table structure for table `category`
--

DROP TABLE IF EXISTS `category`;
/*!40101 SET @saved_cs_client     = @@character_set_client */;
/*!50503 SET character_set_client = utf8mb4 */;
CREATE TABLE `category` (
  `id` int NOT NULL AUTO_INCREMENT,
  `name` varchar(255) CHARACTER SET utf8mb3 COLLATE utf8_unicode_ci NOT NULL,
  `slug` varchar(255) CHARACTER SET utf8mb3 COLLATE utf8_unicode_ci NOT NULL,
  `userId` int NOT NULL,
  `createdAt` datetime DEFAULT NULL,
  PRIMARY KEY (`id`),
  UNIQUE KEY `id_UNIQUE` (`id`),
  KEY `categoryUserId_idx` (`userId`),
  CONSTRAINT `categoryUserId` FOREIGN KEY (`userId`) REFERENCES `users` (`id`)
) ENGINE=InnoDB AUTO_INCREMENT=18 DEFAULT CHARSET=utf8mb3 COLLATE=utf8_unicode_ci;
/*!40101 SET character_set_client = @saved_cs_client */;

--
-- Dumping data for table `category`
--

LOCK TABLES `category` WRITE;
/*!40000 ALTER TABLE `category` DISABLE KEYS */;
INSERT INTO `category` VALUES (10,'Bóng Đá','bong-da',228,'2023-03-04 23:19:40'),(11,'Nhận Định','nhan-dinh',228,'2023-03-04 23:19:54'),(12,'Hậu Trường','hau-truong',228,'2023-03-04 23:20:40'),(13,'Chuyển Nhượng','chuyen-nhuong',228,'2023-03-04 23:21:49'),(14,'Bóng Rổ','bong-ro',228,'2023-03-04 23:22:00'),(15,'Tin  Game','tin-game',228,'2023-03-05 00:56:39');
/*!40000 ALTER TABLE `category` ENABLE KEYS */;
UNLOCK TABLES;

--
-- Table structure for table `comments`
--

DROP TABLE IF EXISTS `comments`;
/*!40101 SET @saved_cs_client     = @@character_set_client */;
/*!50503 SET character_set_client = utf8mb4 */;
CREATE TABLE `comments` (
  `id` int NOT NULL AUTO_INCREMENT,
  `comment` text COLLATE utf8_unicode_ci NOT NULL,
  `createdAt` datetime DEFAULT NULL,
  `userId` int NOT NULL,
  `postId` int NOT NULL,
  PRIMARY KEY (`id`),
  UNIQUE KEY `id_UNIQUE` (`id`),
  KEY `userId_idx` (`userId`),
  KEY `postId_idx` (`postId`),
  CONSTRAINT `commentUserId` FOREIGN KEY (`userId`) REFERENCES `users` (`id`) ON DELETE CASCADE ON UPDATE CASCADE,
  CONSTRAINT `postId` FOREIGN KEY (`postId`) REFERENCES `posts` (`id`) ON DELETE CASCADE ON UPDATE CASCADE
) ENGINE=InnoDB AUTO_INCREMENT=48 DEFAULT CHARSET=utf8mb3 COLLATE=utf8_unicode_ci;
/*!40101 SET character_set_client = @saved_cs_client */;

--
-- Dumping data for table `comments`
--

LOCK TABLES `comments` WRITE;
/*!40000 ALTER TABLE `comments` DISABLE KEYS */;
INSERT INTO `comments` VALUES (2,'chó ngu','2023-03-09 20:52:07',228,43),(3,'đasads','2023-03-09 20:53:25',228,43),(5,'sdadsadsadsa','2023-03-09 20:53:32',228,43),(6,'tokuda is the best','2023-03-09 21:13:03',238,43),(9,'mp3 m3p','2023-03-09 22:40:14',238,44),(10,'dsadsaadsasd','2023-03-09 22:41:48',238,45),(11,'dsadsadsadasasdsd','2023-03-09 22:41:54',238,42),(12,'ccvxxvc','2023-03-11 11:43:55',238,42),(13,'ffdfgd','2023-03-11 11:49:39',238,42),(14,'sdaads','2023-03-11 11:50:36',238,42);
/*!40000 ALTER TABLE `comments` ENABLE KEYS */;
UNLOCK TABLES;

--
-- Table structure for table `posts`
--

DROP TABLE IF EXISTS `posts`;
/*!40101 SET @saved_cs_client     = @@character_set_client */;
/*!50503 SET character_set_client = utf8mb4 */;
CREATE TABLE `posts` (
  `id` int NOT NULL AUTO_INCREMENT,
  `title` varchar(255) CHARACTER SET utf8mb3 COLLATE utf8_unicode_ci NOT NULL,
  `image` varchar(255) CHARACTER SET utf8mb3 COLLATE utf8_unicode_ci DEFAULT NULL,
  `description` varchar(500) CHARACTER SET utf8mb3 COLLATE utf8_unicode_ci DEFAULT NULL,
  `content` text CHARACTER SET utf8mb3 COLLATE utf8_unicode_ci,
  `userId` int NOT NULL,
  `status` varchar(255) CHARACTER SET utf8mb3 COLLATE utf8_unicode_ci DEFAULT NULL,
  `category` varchar(255) CHARACTER SET utf8mb3 COLLATE utf8_unicode_ci DEFAULT NULL,
  `createdAt` datetime DEFAULT NULL,
  PRIMARY KEY (`id`),
  UNIQUE KEY `id_UNIQUE` (`id`),
  KEY `userId_idx` (`userId`),
  CONSTRAINT `userId` FOREIGN KEY (`userId`) REFERENCES `users` (`id`) ON DELETE CASCADE ON UPDATE CASCADE
) ENGINE=InnoDB AUTO_INCREMENT=49 DEFAULT CHARSET=utf8mb3 COLLATE=utf8_unicode_ci;
/*!40101 SET character_set_client = @saved_cs_client */;

--
-- Dumping data for table `posts`
--

LOCK TABLES `posts` WRITE;
/*!40000 ALTER TABLE `posts` DISABLE KEYS */;
INSERT INTO `posts` VALUES (14,' NÓNG! Arsenal vẫn không từ bỏ sao Brighton','http://localhost:8000/arsenal-chieu-mo-caicedo-1.jpg','Theo báo cáo, Pháo thủ vẫn muốn ký hợp đồng với tiền vệ Moises Caicedo.','<p>Đội chủ s&acirc;n Amex đ&atilde; chứng kiến những lời đề nghị trị gi&aacute; 60 triệu bảng v&agrave; 70 triệu bảng bị Brighton từ chối trong kỳ chuyển nhượng m&ugrave;a đ&ocirc;ng. Mới đ&acirc;y, Caicedo đ&atilde; k&yacute; một hợp đồng mới c&oacute; thời hạn đến h&egrave; 2027 với đội chủ s&acirc;n Amex. Những ch&uacute; chim m&ograve;ng biển cũng c&oacute; t&ugrave;y chọn gia hạn thỏa thuận trị gi&aacute; 60.000 bảng/ tuần th&ecirc;m 12 th&aacute;ng nữa.</p>\r\n<p><img style=\"display: block; margin-left: auto; margin-right: auto;\" src=\"http://localhost:8000/mceu_87260827661678329404680.jpg\"></p>\r\n<p>Tuy nhi&ecirc;n, theo Football Insider - bất chấp điều n&agrave;y - Arsenal vẫn muốn theo đuổi tiền vệ sinh năm 2001. Trong khi đ&oacute;, Man United v&agrave; Chelsea cũng được cho l&agrave; muốn c&oacute; Caicedo. Theo nguồn tin tr&ecirc;n, cầu thủ 21 tuổi vẫn muốn chuyển đến một CLB h&agrave;ng đầu v&agrave;o m&ugrave;a h&egrave; n&agrave;y v&igrave; anh muốn chơi ở cấp độ cao nhất c&oacute; thể.</p>\r\n<p>Trong khi đ&oacute;, Brighton c&oacute; lịch sử y&ecirc;u cầu c&aacute;c khoản ph&iacute; chuyển nhượng lớn cho c&aacute;c cầu thủ ng&ocirc;i sao của họ. Arsenal nhận thức r&otilde; điều đ&oacute; khi đ&atilde; trả 50 triệu bảng cho Ben White v&agrave; 27 triệu bảng cho Leandro Trossard. Chelsea cũng đ&atilde; chi 62 triệu bảng để đổi lấy sự phục vụ của Marc Cucurella v&agrave;o m&ugrave;a h&egrave;. V&agrave; con số m&agrave; c&aacute;c &ocirc;ng lớn phải chi ra để mong c&oacute; được chữ k&yacute; của Caicedo dự kiến sẽ v&ocirc; c&ugrave;ng lớn.</p>\r\n<p>Hiện tại, Arsenal đang trong cuộc đua v&ocirc; địch tại Ngoại hạng Anh. Ph&aacute;o thủ dẫn đầu giải đấu với 5 điểm nhiều hơn so với Man City. Trong khi đ&oacute;, Brighton cũng thi đấu rất hay ở m&ugrave;a giải năm nay. Những ch&uacute; chim m&ograve;ng biển hiện c&oacute; 38 điểm sau 23 trận, xếp thứ 8 tr&ecirc;n BXH.</p>',238,'show','chuyen-nhuong','2023-03-09 09:37:09'),(16,'Clippers chiêu mộ Westbrook thành công','http://localhost:8000/Clippers-chieu-mo-Westbrook-1.jpg','Như vậy, đội bóng này đã có thêm một ngôi sao All-Star bên cạnh Kawhi Leonard, Paul George.','<p>Năm 2017, Russell Westbrook đ&atilde; đứng tr&ecirc;n đỉnh cao sự nghiệp khi gi&agrave;nh danh hiệu MVP dưới m&agrave;u &aacute;o Thunder. Tuy vậy, sau đ&oacute; cầu thủ n&agrave;y đ&aacute;nh mất dần phong độ. Anh lần lượt gia nhập Rockets, Wizards, Lakers những kh&ocirc;ng ở lại nơi n&agrave;o qu&aacute; l&acirc;u.</p>\r\n<p><img style=\"display: block; margin-left: auto; margin-right: auto;\" src=\"http://localhost:8000/mceu_35054757471678329470708.jpg\"></p>\r\n<p>Sau khi chia tay Lakers v&agrave; chuyển đến Jazz, Westbrook cũng ngay lập tức bị chấm dứt hợp đồng. Rất may cho ng&ocirc;i sao n&agrave;y l&agrave; anh được một đội b&oacute;ng mạnh đ&oacute;n về, đ&oacute; ch&iacute;nh l&agrave; Clippers, hiện đang xếp thứ 4 miền T&acirc;y.</p>\r\n<p>Để dọn chỗ cho Russell, Clippers đ&atilde; đẩy đi John Wall v&agrave; Reggie Jackson. HLV Tyronn Lue tr&ocirc;ng chờ hậu vệ n&agrave;y sẽ c&oacute; những đ&oacute;ng g&oacute;p về ph&ograve;ng ngự, cầm b&oacute;ng, đột ph&aacute; v&agrave; rebound, gi&uacute;p Kawhi - George c&oacute; khoảng trống để ghi điểm.</p>\r\n<p>Tuy vậy, nhiều khả năng Clippers sẽ kh&ocirc;ng để Russell đ&aacute; ch&iacute;nh ngay lập tức bởi vị tr&iacute; của anh đang được Terrence Mann đảm nhận kh&aacute; tốt. Trong buổi trả lời phỏng vấn nh&acirc;n dịp gia nhập đội b&oacute;ng, t&acirc;n binh n&agrave;y tỏ ra rất quyết t&acirc;m:</p>\r\n<p>&ldquo;T&ocirc;i sẵn s&agrave;ng dốc hết sức khả năng của m&igrave;nh để l&agrave;m bất kỳ điều m&agrave; họ cần.&rdquo;</p>',238,'show','bong-ro','2023-03-09 09:38:16'),(17,'Suất đi MSI 2023 đầu tiên đã có chủ','http://localhost:8000/G2-vo-dich-LEC-Mua-Dong-1.jpg','Với chức vô địch LEC Mùa Đông, G2 đã điền tên mình vào giải đấu quốc tế giữa năm nay.','<p>M&ugrave;a giải năm nay, G2 c&oacute; sự thay đổi lớn về mặt nh&acirc;n sự khi đ&oacute;n về Yike (đi rừng), Hans Sama (xạ thủ) c&ugrave;ng sự trở lại của Mikyx (hỗ trợ). Ở v&ograve;ng bảng, họ chỉ đứng thứ 4 sau Vitality, MAD lions v&agrave; SK Gaming.</p>\r\n<p><img style=\"display: block; margin-left: auto; margin-right: auto;\" src=\"http://localhost:8000/mceu_27317977721678329237353.jpg\"></p>\r\n<p>Tuy vậy, khi bước v&agrave;o loạt knock-out th&igrave; G2 đ&atilde; thể hiện bản lĩnh l&agrave; đội&nbsp;LMHT&nbsp;vĩ đại nhất Ch&acirc;u &Acirc;u khi to&agrave;n thắng. Họ vượt qua BDS, KOI v&agrave; cuối c&ugrave;ng l&agrave; MAD Lions ở chung kết để l&ecirc;n ng&ocirc;i v&ocirc; địch.</p>\r\n<p><img style=\"display: block; margin-left: auto; margin-right: auto;\" src=\"http://localhost:8000/mceu_56260044731678329246992.jpg\"></p>\r\n<p>Đ&aacute;ng ch&uacute; &yacute;, G2 đưa ra kh&aacute; nhiều lựa chọn tướng &lsquo;dị&rsquo; như Kled, Jarvan IV, Olaf. Thế nhưng nhờ phong c&aacute;ch thi đấu chủ động cũng như kỹ năng c&aacute; nh&acirc;n tốt v&agrave; tinh thần vững v&agrave;ng, họ đ&atilde; c&oacute; lần thứ 10 l&ecirc;n đỉnh ch&acirc;u &Acirc;u.</p>\r\n<p><img style=\"display: block; margin-left: auto; margin-right: auto;\" src=\"http://localhost:8000/mceu_31967178541678329256061.jpg\"></p>\r\n<p>Nhờ đăng quang LEC M&ugrave;a Đ&ocirc;ng, G2 cũng điền t&ecirc;n m&igrave;nh v&agrave;o giải đấu MSI 2023 tổ chức tại London th&aacute;ng 5 với tư c&aacute;ch hạt giống số 2 khu vực. Nếu họ tiếp tục v&ocirc; địch LEC M&ugrave;a Xu&acirc;n th&igrave; sẽ gi&agrave;nh lấy hạt giống đầu. Ở giải đấu n&agrave;y hồi năm ngo&aacute;i, G2 đ&atilde; lọt v&agrave;o b&aacute;n kết v&agrave; chịu thua trước T1.</p>',238,'show','tin-game','2023-03-09 09:34:30'),(25,'CỰC NÓNG! Richarlison công khai bật Conte, ví mùa giải này như phân','http://localhost:8000/Richarlison-cong-khai-bat-Conte-2.jpg','Tottenham đã thất bại trước AC Milan và những mâu thuẫn trong đội bóng lập tức bị phơi bày.','<p>Được chơi trận lượt về tr&ecirc;n s&acirc;n nh&agrave; nhưng Tottenham kh&ocirc;ng t&agrave;i n&agrave;o xuy&ecirc;n thủng m&agrave;nh lưới AC Milan, chung cuộc Spurs nhận thất bại với tổng tỷ số 0-1 v&agrave; dừng bước trước v&ograve;ng tứ kết Champions League 2022/23. Họ tiếp tục trải qua một m&ugrave;a giải trắng tay d&ugrave; được đầu tư kh&ocirc;ng &iacute;t v&agrave;o h&egrave; 2022.</p>\r\n<p><img style=\"display: block; margin-left: auto; margin-right: auto;\" src=\"http://localhost:8000/mceu_28182893481678329534809.jpg\"></p>\r\n<p>T&acirc;n binh đắt gi&aacute; Richarlison g&acirc;y thất vọng khi chưa c&oacute; b&agrave;n n&agrave;o cho CLB mới ở Ngoại hạng Anh v&agrave; chỉ ghi được vỏn vẹn 2 b&agrave;n kể từ đầu m&ugrave;a. Tuy nhi&ecirc;n, tiền đạo người Brazil lại cảm thấy HLV Antonio Conte cũng phải chịu tr&aacute;ch nhiệm cho m&ugrave;a giải tệ hại c&aacute; nh&acirc;n Richarlison.</p>\r\n<p>&ldquo;Th&agrave;nh thật m&agrave; n&oacute;i, m&ugrave;a giải n&agrave;y như ph&acirc;n. T&ocirc;i muốn được thi đấu&rdquo;, Richarlison chia sẻ với TNT Sport sau khi chỉ được chơi 20 ph&uacute;t trước AC Milan. &ldquo;T&ocirc;i kh&ocirc;ng hiểu [lựa chọn của Conte]. T&ocirc;i đang ở thời điểm t&iacute;ch cực&hellip; nhưng lại bị Conte cất tr&ecirc;n băng ghế dự bị. H&ocirc;m qua, &ocirc;ng ấy đ&atilde; kiểm tra khả năng của t&ocirc;i trong đội h&igrave;nh xuất ph&aacute;t v&agrave; sau đ&oacute; l&agrave;&hellip; đẩy l&ecirc;n ghế dự bị, một lần nữa&rdquo;.</p>\r\n<p>Thi đấu kh&ocirc;ng hiệu quả v&agrave; c&ocirc;ng khai bật HLV trưởng, mọi thứ ng&agrave;y c&agrave;ng trở n&ecirc;n xấu đi cho Richarlison ở Tottenham. Tuy nhi&ecirc;n, t&igrave;nh thế c&oacute; thể sẽ kh&aacute;c khi HLV Conte đ&atilde; thừa nhận nguy cơ bị sa thải: &ldquo;Hợp đồng của t&ocirc;i c&oacute; thời hạn đến th&aacute;ng 6 n&agrave;y, Ban l&atilde;nh đạo c&oacute; thể sa thải t&ocirc;i trước khi m&ugrave;a giải kh&eacute;p lại. Bạn biết đấy, họ c&oacute; thể đ&atilde; thất vọng.&rdquo;</p>',238,'show','bong-da','2023-03-09 09:39:13'),(26,'Lakers chia tay Westbrook, mang về 3 trợ thủ cho LeBron','http://localhost:8000/Lakers-chia-tay-Westbrook-1.jpg','Theo đó, đội bóng sẽ đẩy ngôi sao này đến Jazz để nhận D\'Angelo Russell, Malik Beasley và Jarred Vanderbilt.','<p>C&aacute;ch đ&acirc;y 1,5 năm, Lakers đ&atilde; đẩy đi nhiều hảo thủ như Kentavious Caldwell-Pope, Kyle Kuzma, Montrezl Harrell v&agrave; 1 lượt pick để mang về Russell Westbrook. Tuy vậy, việc thiếu chiều s&acirc;u đội h&igrave;nh đ&atilde; khiến đội b&oacute;ng phải trả gi&aacute; v&agrave; kh&ocirc;ng thể lọt v&agrave;o play-in.</p>\r\n<p><img style=\"display: block; margin-left: auto; margin-right: auto;\" src=\"http://localhost:8000/mceu_18139467991678329597701.jpg\"></p>\r\n<p>M&ugrave;a n&agrave;y, bất chấp việc LeBron James v&agrave; Anthony Davis đ&atilde; đứng l&ecirc;n ủng hộ việc giữ lại cầu thủ Westbrook nhưng Lakers vẫn kh&ocirc;ng thi đấu tốt hơn. Hậu quả l&agrave; HLV Frank Vogel bị sa thải. V&agrave; khi đội b&oacute;ng vẫn xa rời tấm v&eacute; dự Play-in, ban l&atilde;nh đạo đội đ&atilde; quyết định trade Westbrook. Họ sẽ nhận về nhận D\'Angelo Russell (từ Timberwolves) v&agrave; Malik Beasley, Jarred Vanderbilt (từ Jazz).</p>\r\n<p>Timberwolves nhận về Mike Conley, Nickeil Alexander-Walker v&agrave; c&aacute;c lượt chọn. C&ograve;n Jazz sẽ c&oacute; Westbrook, Damian Jones, Juan Toscano-Anderson v&agrave; một lượt chọn từ Lakers.</p>',238,'show','bong-ro','2023-03-09 09:40:13'),(27,'Juventus mua đứt ‘tội đồ’ Moise Kean','http://localhost:8000/Juventus-mua-Moise-Kean-1.jpg','Mặc dù mắc sai lầm ngớ ngẩn trong trận thua AS Roma','<p>Moise Kean từng được đ&aacute;nh gi&aacute; l&agrave; một trong những tiền đạo tiềm năng nhất Juventus v&agrave; Serie A. Ch&iacute;nh v&igrave; thế, Everton đ&atilde; bỏ ra đến 27,5 triệu euro năm 2019 để chi&ecirc;u mộ ch&acirc;n s&uacute;t n&agrave;y. Tuy vậy, anh kh&ocirc;ng thể th&iacute;ch nghi với m&ocirc;i trường Ngoại hạng Anh n&ecirc;n được đem cho ch&iacute;nh Juve mượn lại năm 2021.</p>\r\n<p><img style=\"display: block; margin-left: auto; margin-right: auto;\" src=\"http://localhost:8000/mceu_726426136101678329653942.jpg\"></p>\r\n<p>L&uacute;c đ&oacute;, Kean được kỳ vọng sẽ phần n&agrave;o khỏa lấp khoảng trống m&agrave; Ronaldo để lại. Thế nhưng, cầu thủ n&agrave;y kh&ocirc;ng để lại nhiều ấn tượng suốt 2 năm gắn b&oacute;. M&ugrave;a giải năm nay, anh mới được đ&aacute; ch&iacute;nh 9 trận tại Serie A v&agrave; ghi 5 b&agrave;n thắng. Cuối tuần trước, anh c&ograve;n g&acirc;y họa với&nbsp;tấm thẻ đỏ&nbsp;sau khi v&agrave;o s&acirc;n thay người 40 gi&acirc;y.</p>\r\n<p>Thế nhưng, Juventus vẫn tiếp tục đặt niềm tin v&agrave;o Kean trong tương lai. Gianluca di Marzio x&aacute;c nhận rằng B&agrave; Đầm Gi&agrave; sẽ mua đứt tiền đạo n&agrave;y từ Everton với gi&aacute; 28 triệu euro. Thậm ch&iacute;, nếu đạt số b&agrave;n thắng nhất định th&igrave; anh cũng được thưởng th&ecirc;m 5 triệu euro.</p>',238,'show','chuyen-nhuong','2023-03-09 09:41:12'),(28,'Gặp gỡ cô giáo tiếng Anh bốc lửa từng kèm cặp dàn sao Premier League','http://localhost:8000/co-giao-tieng-Anh-Sara-Duque-3.jpg','Danh tiếng của người đẹp Sara Duque tăng nhanh chóng','<p>Nghề quần đ&ugrave;i &aacute;o số gắn liền với việc chuyển c&acirc;u lạc bộ, thậm ch&iacute; l&agrave; đi đến một đất nước kh&aacute;c. Thế n&ecirc;n nhu cầu học ng&ocirc;n ngữ trở n&ecirc;n phổ biến trong giới cầu thủ. Kh&ocirc;ng &iacute;t ng&ocirc;i sao đ&atilde; t&igrave;m đến c&aacute;c gi&aacute;o vi&ecirc;n để trau dồi tiếng n&oacute;i, qua đ&oacute; đẩy nhanh qu&aacute; tr&igrave;nh h&ograve;a nhập c&ugrave;ng c&aacute;c đồng đội.</p>\r\n<p>Một gi&aacute;o vi&ecirc;n nổi đ&igrave;nh nổi đ&aacute;m của l&agrave;ng t&uacute;c cầu hiện tại l&agrave; Sara Duque. Người đẹp n&agrave;y th&ocirc;ng thạo tới 6 thứ tiếng: Anh, Bồ Đ&agrave;o Nha, Đức, Ph&aacute;p, Italia v&agrave; T&acirc;y Ban Nha. Trước đ&acirc;y, c&ocirc; từng h&agrave;nh nghề luật sư thể thao trước khi đến CLB Porto để l&agrave;m trợ l&yacute; ng&ocirc;n ngữ. Tới năm 2020, Sara quyết định x&acirc;y dựng thương hiệu cho ri&ecirc;ng m&igrave;nh.</p>\r\n<p><img style=\"display: block; margin-left: auto; margin-right: auto;\" src=\"http://localhost:8000/mceu_280832851678329319118.jpg\"></p>\r\n<p>Danh s&aacute;ch học tr&ograve; của c&ocirc; gi&aacute;o 29 tuổi kh&ocirc;ng hề &iacute;t, v&iacute; dụ như Julian Alvarez (Manchester City), Axel Tuanzebe (Manchester United), Danilo Santos (Nottingham Forest), Lazaro Vinicius (Almeria) hay Danny Damaso (Porto). Sara cũng thường xuy&ecirc;n tương t&aacute;c với họ tr&ecirc;n mạng x&atilde; hội.</p>\r\n<p>C&aacute;ch đ&acirc;y một tuần, mỹ nh&acirc;n mang quốc tịch Bồ Đ&agrave;o Nha chia sẻ h&igrave;nh ảnh c&ugrave;ng tiền đạo Alvarez, k&egrave;m d&ograve;ng trạng th&aacute;i: &ldquo;Từ việc n&acirc;ng cao chức v&ocirc; địch World Cup cho tới chinh phục một ng&ocirc;n ngữ mới, t&agrave;i năng của học tr&ograve; t&ocirc;i quả thực kh&ocirc;ng c&oacute; giới hạn. Cậu ấy đ&atilde; tiến bộ đ&aacute;ng kinh ngạc chỉ trong khoảng thời gian ngắn. T&ocirc;i v&ocirc; c&ugrave;ng tự h&agrave;o về học tr&ograve; của m&igrave;nh.&rdquo;</p>\r\n<p>Ngo&agrave;i t&agrave;i ăn n&oacute;i lưu lo&aacute;t, Sara c&ograve;n khiến cổ động vi&ecirc;n m&ecirc; mẩn nhờ th&acirc;n h&igrave;nh quyến rũ. Nhưng cũng ch&iacute;nh v&igrave; vậy m&agrave; nhiều n&agrave;ng WAG đ&atilde; cấm kh&ocirc;ng cho người y&ecirc;u hay chồng của họ đến chỗ b&oacute;ng hồng 29 tuổi học ng&ocirc;n ngữ.</p>',238,'show','hau-truong','2023-03-09 09:35:44'),(29,'Nhận định Bayern Munich vs PSG (03h00 ngày 09/03): Tâm điểm Kylian Mbappe','http://localhost:8000/arsenal-chieu-mo-caicedo-1.jpg','(Lượt về vòng 1/8 Champions League 2022/23) “Hùm xám” ','<p>Trận lượt đi tại s&acirc;n C&ocirc;ng vi&ecirc;n c&aacute;c Ho&agrave;ng tử đ&atilde; kết th&uacute;c với phần thắng 1-0 nghi&ecirc;ng về Bayern Munich. Đến m&agrave;n thư h&ugrave;ng quyết định v&agrave;o rạng s&aacute;ng 9/3, thầy tr&ograve; HLV Julian Nagelsmann trở về th&aacute;nh địa Allianz Arena v&agrave; được đ&aacute;nh gi&aacute; nhỉnh hơn Paris Saint-Germain.</p>\r\n<p>Tuy nhi&ecirc;n, họ sẽ phải đương đầu với một Kylian Mbappe đang thăng hoa. Ở 3 lần ra s&acirc;n gần nhất, ch&acirc;n s&uacute;t người Ph&aacute;p đ&atilde; mang lại 5 pha lập c&ocirc;ng v&agrave; đ&oacute;ng g&oacute;p 1 đường kiến tạo. C&aacute;ch đ&acirc;y 3 tuần, anh cũng h&agrave;nh hạ h&agrave;ng ph&ograve;ng ngự Bayern d&ugrave; chỉ v&agrave;o s&acirc;n từ ghế dự bị, trong bối cảnh chưa c&oacute; được thể lực tốt nhất.</p>\r\n<p><img style=\"display: block; margin-left: auto; margin-right: auto;\" src=\"http://localhost:8000/mceu_43277393511678327973313.jpg\"></p>\r\n<p>Cả hai đội đều đ&atilde; chạy đ&agrave; cho m&agrave;n đọ sức sắp tới bằng những thắng lợi. Bayern Munich khuất phục Union Berlin v&agrave; Stuttgart để giữ ng&ocirc;i dẫn đầu Bundesliga, c&ograve;n PSG li&ecirc;n tục vượt qua Lille, Marseille v&agrave; Nantes, qua đ&oacute; bỏ xa nh&oacute;m b&aacute;m đuổi tại Ligue 1.</p>\r\n<p>G&atilde; nh&agrave; gi&agrave;u nước Ph&aacute;p di chuyển đến Đức m&agrave; kh&ocirc;ng c&oacute; sự phục vụ của Neymar. Dẫu vậy, họ vẫn c&ograve;n đ&oacute; Lionel Messi &ndash; người sẵn s&agrave;ng thả những quả b&oacute;ng ra sau lưng h&agrave;ng thủ đối phương để tận dụng tốc độ của Mbappe hay hậu vệ tr&aacute;i Nuno Mendes.</p>\r\n<p>Từ m&ugrave;a giải 2010/11 đến nay, Bayern Munich chưa bao giờ bị loại khỏi C&uacute;p C1 sau khi thắng trận lượt đi. Lần n&agrave;y, đội b&oacute;ng c&oacute; biệt danh Die Roten cần tối thiểu một trận h&ograve;a để đi tiếp. Nhiệm vụ ấy kh&ocirc;ng hề đơn giản, nhưng bản lĩnh của &ldquo;H&ugrave;m x&aacute;m&rdquo; c&oacute; lẽ sẽ được ph&aacute;t huy tr&ecirc;n s&acirc;n nh&agrave;.</p>\r\n<p>X&eacute;t xuy&ecirc;n suốt lịch sử th&igrave; hai b&ecirc;n gặp nhau 12 lần tại đấu trường Champions League, mỗi đội thu về 6 chiến thắng.</p>\r\n<p>&nbsp;</p>',238,'show','nhan-dinh','2023-03-09 09:56:31'),(34,'Điểm tin thể thao 9/3: Osimhen được khuyên đến MU, Chelsea chi tiền cho De Jong','http://localhost:8000/Saka-va-Martinelli-1.jpg','Ighalo thúc giục Osimhen đến Manchester','<p>N&oacute;i về quyết định rời Arsenal hồi năm ngo&aacute;i, thủ th&agrave;nh Bernd Leno khẳng định anh đ&atilde; l&agrave;m đ&uacute;ng khi chuyển đến Fulham. Bởi nếu ở lại Emirates anh sẽ phải ngồi dự bị thường xuy&ecirc;n.</p>\r\n<p><img style=\"display: block; margin-left: auto; margin-right: auto;\" src=\"http://localhost:8000/mceu_10807288511678291365284.jpg\"></p>\r\n<p>Người đồng hương Odion Ighalo đ&atilde; l&ecirc;n tiếng th&uacute;c giục Victor Osimhen n&ecirc;n gia nhập Man United.&nbsp; D&ugrave; chỉ kho&aacute;c &aacute;o Quỷ đỏ theo dạng cho mượn trong thời gian ngắn nhưng Ighalo vẫn d&agrave;nh rất nhiều t&igrave;nh cảm cho đội b&oacute;ng &aacute;o đỏ. Về Osimhen, tiền đạo của Napoli mới đ&acirc;y đ&atilde; l&ecirc;n tiếng b&agrave;y tỏ nguyện vọng được thi đấu tại Premier Leagu</p>\r\n<p>Tờ The Sun cho biết Chelsea đang c&oacute; dự định sẽ chi 70 triệu bảng cho Frenkie de Jong ở m&ugrave;a h&egrave; năm nay. Được biết chủ tịch Todd Boehly muốn trẻ h&oacute;a đội b&oacute;ng v&agrave; kh&ocirc;ng ngần ngại chi th&ecirc;m tiền tr&ecirc;n TTCN.</p>\r\n<p>Sau thất bại trước AC Milan v&agrave; bị loại khỏi Champions League, HLV Antonio Conte thừa nhận c&oacute; thể bị Tottenham sa thải bất cứ l&uacute;c n&agrave;o. Nh&igrave;n v&agrave;o phong độ gần đ&acirc;y, G&agrave; Trống r&otilde; r&agrave;ng kh&ocirc;ng c&oacute; được sự ổn định khi để thua 4, h&ograve;a 1 trong 7 lần ra s&acirc;n vừa qua.</p>\r\n<p>Trước trận gặp Real Betis tại v&ograve;ng 16 đội Europa League, HLV Ten Hag đang cảm thấy lo lắng cho Casemiro khi anh sẽ bị treo gi&ograve; nếu phải nhận th&ecirc;m một thẻ v&agrave;ng ở trận đấu n&agrave;y. Đ&acirc;y l&agrave; viễn cảnh kh&ocirc;ng hề mong muốn khi cầu thủ người Brazil đang l&agrave; trụ cột tuyến giữa của Man United.</p>',238,'show','bong-da','2023-03-09 09:12:03'),(35,'Messi đã chơi trận cuối của mình tại đấu trường Champions League?','http://localhost:8000/Nadal-suy-sup-tinh-than-1.jpg','PSG tiếp tục bị loại sớm tại sân chơi châu lục khiến Messi phải suy nghĩ lại trong việc gia hạn hợp đồng với đội bóng thành Paris.','<p>Trước trận đấu lượt về tại Allianz Arena, nh&agrave; b&aacute;o Guillem Balagu&eacute; chia sẻ với đ&agrave;i CBS rằng &ldquo;Messi muốn ở lại PSG để tiếp tục cạnh tranh ở đẳng cấp cao nhất của b&oacute;ng đ&aacute; ch&acirc;u &Acirc;u&rdquo;. C&oacute; lẽ sau thất bại bạc nhược trước Bayern Munich, El Pulga sẽ phải suy nghĩ lại với quyết định cam kết tương lai của m&igrave;nh tại đội b&oacute;ng th&agrave;nh Paris.</p>\r\n<p><img style=\"display: block; margin-left: auto; margin-right: auto;\" src=\"http://localhost:8000/mceu_55864109911678291978761.jpg\"></p>\r\n<p>PSG bước v&agrave;o trận đấu lượt về v&ograve;ng 1/8 Champions League với quyết t&acirc;m phải thắng, thế nhưng suốt 90 ph&uacute;t tại Allianz Arena, c&aacute;c cầu thủ &aacute;o trắng kh&ocirc;ng cho thấy tinh thần chiến đấu để lật ngược thế cờ. Đặc biệt trong hiệp 2, PSG ở thế bị dồn v&agrave;o ch&acirc;n tường sau pha lập c&ocirc;ng của Choupo-Moting lại để Bayern Munich trở th&agrave;nh đội b&oacute;ng tạo ra nhiều cơ hội nguy hiểm hơn.</p>\r\n<p>Bản th&acirc;n Messi vẫn cho thấy chất ma thuật của m&igrave;nh, tạo ra nhiều cơ hội nhất cho c&aacute;c đồng đội, t&iacute;ch cực tranh chấp b&oacute;ng v&agrave; l&agrave; người mang về nhiều quả phạt nhất cho PSG. Đ&aacute;ng tiếc thay, một m&igrave;nh Messi l&agrave; kh&ocirc;ng đủ trong ng&agrave;y Mbappe bị bộ đ&ocirc;i trung vệ của Bayern kh&oacute;a chặt v&agrave; Vitinha bỏ lỡ cơ hội v&agrave;ng ở hiệp đấu đầu ti&ecirc;n.</p>\r\n<p>Người xem trận đấu chắc chắn sẽ phải đặt ra c&acirc;u hỏi về tinh thần chiến đấu của PSG trong trận n&agrave;y. Đo&agrave;n qu&acirc;n của HLV Christophe Galtier chơi b&oacute;ng như thể chấp nhận thất bại ở nửa sau trận đấu. Đ&acirc;y đ&atilde; l&agrave; lần thứ 2 li&ecirc;n tiếp PSG bị loại từ v&ograve;ng 1/8 của Champions League. D&ugrave; bị lội ngược d&ograve;ng trước Real Madrid hay thua t&acirc;m phục khẩu phục trước Bayern, giấc mơ cạnh tranh chức v&ocirc; địch c&uacute;p C1 của Messi ng&agrave;y c&agrave;ng xa vời.&nbsp;</p>\r\n<p>Bản th&acirc;n cầu thủ người Argentina sẽ phải đặt ra những c&acirc;u hỏi về tham vọng của đội b&oacute;ng th&agrave;nh Paris. 2 năm li&ecirc;n tiếp, Messi thất bại trong việc lọt v&agrave;o nh&oacute;m 8 đội mạnh nhất. Đ&acirc;y rất c&oacute; thể đ&atilde; l&agrave; trận đấu cuối c&ugrave;ng của El Pulga tại s&acirc;n chơi danh gi&aacute; nhất cấp CLB của b&oacute;ng đ&aacute; ch&acirc;u &Acirc;u. Hợp đồng của Messi với PSG sẽ đ&aacute;o hạn v&agrave;o m&ugrave;a h&egrave; n&agrave;y. C&oacute; lẽ việc chuyển tới Mỹ chơi b&oacute;ng hay hồi hương để kết th&uacute;c sự nghiệp sẽ l&agrave; phương &aacute;n khả thi hơn với Messi khi PSG li&ecirc;n tục mang đến c&aacute;i kết buồn cho El Pulga.</p>',238,'show','bong-da','2023-03-09 09:09:03'),(36,'Chấm điểm Bayern Munich vs PSG: Một ngày đáng quên','http://localhost:8000/bayern-munich-vs-psg-2-1.jpg','Mùa giải thứ hai liên tiếp, gã nhà giàu nước Pháp phải dừng chân ở Champions','<p>C&aacute;c b&agrave;n thắng trong hiệp hai của Eric Maxim Choupo-Moting v&agrave; cầu thủ v&agrave;o s&acirc;n thay người Serge Gnabry đ&atilde; gi&uacute;p H&ugrave;m x&aacute;m giải quyết Paris Saint-Germain tr&ecirc;n th&aacute;nh địa Allianz Arena. Chung cuộc, đo&agrave;n qu&acirc;n của HLV Julian Nagelsmann gi&agrave;nh quyền đi tiếp với tổng tỷ số 3-0 sau 2 lượt trận.</p>\r\n<p><img style=\"display: block; margin-left: auto; margin-right: auto;\" src=\"http://localhost:8000/mceu_954067665111678329738948.jpg\"></p>\r\n<p>Ở trận lượt về vừa qua, Alphonso Davies l&agrave; c&aacute;i t&ecirc;n được WhoScored chấm điểm cao nhất với 8.2 điểm. Theo thống k&ecirc;, sao trẻ sinh năm 2000 c&oacute; cho m&igrave;nh 3 pha tắc b&oacute;ng ch&iacute;nh x&aacute;c, 2 t&igrave;nh huống đ&aacute;nh chặn v&agrave; 1 pha giải nguy. Anh thực hiện th&agrave;nh c&ocirc;ng 4 pha r&ecirc; b&oacute;ng, sở hữu tỷ lệ chuyền b&oacute;ng ch&iacute;nh x&aacute;c ở mức 84% v&agrave; tạo ra 1 key passes.</p>\r\n<p>Trong khi đ&oacute;, m&agrave;n so t&agrave;i tại Allianz Arena đ&aacute;nh dấu một ng&agrave;y thi đấu kh&ocirc;ng như kỳ vọng của Kylian Mbappe. Ch&acirc;n s&uacute;t người Ph&aacute;p tung ra 4 c&uacute; s&uacute;t v&agrave; chỉ 1 trong số đ&oacute; l&agrave; đi tr&uacute;ng đ&iacute;ch. Anh được WhoScored chấm 5.9 điểm - con số thấp thứ 2 trận đấu chỉ sau Marco Verratti. Đối t&aacute;c của nh&agrave; v&ocirc; địch World Cup 2018 tr&ecirc;n h&agrave;ng c&ocirc;ng l&agrave; Lionel Messi nhận về 6.9 điểm từ chuy&ecirc;n trang n&agrave;y.</p>\r\n<p><strong>Chấm điểm đội h&igrave;nh ch&iacute;nh Bayern Munich:</strong>&nbsp;Sommer (7.0); Stanisic (7.4), Upamecano (7.7), De Ligt (8.1), Davies (8.2); Goretzka (7.9), Kimmich (8.0); Coman (6.7), Muller (7.0), Musiala (8.0); Choupo-Moting (7.1)</p>\r\n<p><strong>Chấm điểm đội h&igrave;nh ch&iacute;nh PSG:</strong>&nbsp;Donnarumma (6.6); Danilo (7.3), Ramos (7.0), Marquinhos (6.4); Hakimi (6.4), Vitinha (6.8), Verratti (5.8), Ruiz (6.4), Mendes (6.8); Mbappe (5.9), Messi (6.9)</p>',238,'show','bong-da','2023-03-09 09:42:41'),(37,'Vì sao Senna không được chọn ở vị trí hỗ trợ?','http://localhost:8000/Senna-khong-duoc-chon-1.png','Mặc dù có bộ kỹ năng thuần cho vai trò support nhưng vì một số lý do mà cô nàng bị bỏ xó.','<p>Meta đầu m&ugrave;a giải thứ 13 của Li&ecirc;n Minh Huyền Thoại c&oacute; sự kh&aacute;c biệt r&otilde; rệt so với c&aacute;c m&ugrave;a trước l&agrave; ở vị tr&iacute; hỗ trợ. Nhờ khả năng cấu m&aacute;u mạnh n&ecirc;n những xạ thủ như Ashe, Caitlyn, Kalista, Twitch&nbsp;được sử dụng thường xuy&ecirc;n.</p>\r\n<p><img style=\"display: block; margin-left: auto; margin-right: auto;\" src=\"http://localhost:8000/mceu_866753522121678329801938.png\"></p>\r\n<p>Tuy vậy, c&oacute; điều lạ l&agrave; vị tướng ADC vốn được thiết kế cho vai tr&ograve; support l&agrave; Senna lại bị giới game thủ chuy&ecirc;n nghiệp bỏ qua. Dưới đ&acirc;y l&agrave; 3 nguy&ecirc;n nh&acirc;n ch&iacute;nh:</p>\r\n<p><strong>Đi đường yếu</strong></p>\r\n<p>Mặc d&ugrave; Senna l&agrave; một tướng đ&aacute;nh xa, c&ocirc; ấy vẫn qu&aacute; yếu trong v&agrave;i ph&uacute;t đầu ti&ecirc;n v&agrave; kh&ocirc;ng g&acirc;y s&aacute;t thương diện rộng tốt với Q của m&igrave;nh. Chọn vị tướng n&agrave;y ở vai tr&ograve; hỗ trợ khiến bạn yếu thế so với những Ashe, Caitlyn c&oacute; khả năng g&acirc;y s&aacute;t thương từ xa tốt hơn nhiều.</p>\r\n<p><strong>Tốc độ tấn c&ocirc;ng k&eacute;m</strong></p>\r\n<p>Hiện tại, ADC hỗ trợ hưởng lợi rất nhiều từ bảng ngọc Mưa kiếm. Một khi k&iacute;ch hoạt được th&igrave; c&aacute;c tướng n&agrave;y sẽ nhận th&ecirc;m tốc độ đ&aacute;nh, g&oacute;p phần hạ gục đối thủ nhanh hơn.</p>\r\n<p>Tuy vậy, Senna lại sở hữu tốc độ đ&aacute;nh ban đầu cực thấp n&ecirc;n kh&ocirc;ng thể n&agrave;o k&iacute;ch hoạt được bảng ngọc n&agrave;y ở giai đoạn đi đường. Một tướng ADC kh&aacute;c l&agrave; Jhin d&ugrave; cũng c&oacute; tốc độ đ&aacute;nh thấp nhưng lại sở hữu bộ kỹ năng ph&ugrave; hợp hơn.</p>\r\n<p><strong>Kh&ocirc;ng dọn l&iacute;nh tốt</strong></p>\r\n<p>Sử dụng 2 ADC sẽ cho ph&eacute;p người chơi dọn l&iacute;nh nhanh hơn, qua đ&oacute; kiểm so&aacute;t lane tốt. Caitlyn, Ashe l&agrave;m rất tốt điều n&agrave;y c&ograve;n Senna lại kh&ocirc;ng. Kỹ năng Q của c&ocirc; kh&ocirc;ng thể ti&ecirc;u diệt nhiều l&iacute;nh c&ugrave;ng l&uacute;c.</p>\r\n<p>Như vậy, qua 3 nguy&ecirc;n nh&acirc;n kể tr&ecirc;n, ta c&oacute; thể hiểu v&igrave; sao Senna bị hắt hủi ở đấu trường chuy&ecirc;n nghiệp hiện tại.</p>',238,'show','tin-game','2023-03-09 09:44:01'),(38,'Độc lạ LMHT: Xạ thủ thành hỗ trợ','http://localhost:8000/G2-vo-dich-LEC-Mua-Dong-2.jpg','Sự xuất hiện của những vị tướng Caitlyn và Kalista là điểm đáng chú ý của meta đầu mùa 13.','<p>Từ trước đến nay, vị tr&iacute; hỗ trợ trong game LMHT thường chỉ xoay quanh c&aacute;c vị tướng đỡ đ&ograve;n, buff sức mạnh hoặc ph&aacute;p sư rỉa m&aacute;u. Tuy nhi&ecirc;n, ở c&aacute;c giải đấu chuy&ecirc;n nghiệp hiện nay th&igrave; lại xuất hiện rất nhiều c&aacute;c tướng thuần về AD carry (hay c&ograve;n gọi l&agrave; xạ thủ) như Caitlyn, Kalista, Jihn, Ashe. Vậy đ&acirc;u l&agrave; nguy&ecirc;n nh&acirc;n tạo n&ecirc;n xu hướng n&agrave;y?</p>\r\n<p>Việc đưa một vị tướng tay d&agrave;i c&oacute; khả năng cấu rỉa, kiểm so&aacute;t tốt sẽ gi&uacute;p đội bạn c&oacute; khả năng thắng đường hơn, qua đ&oacute; tiến gần hơn đến với việc thắng trận đấu. So với c&aacute;c vị tướng buff như Lulu, Yuumi th&igrave; c&aacute;c xạ thủ c&oacute; lợi thế l&agrave; khả năng ph&aacute; trụ tốt hơn.</p>\r\n<p><img style=\"display: block; margin-left: auto; margin-right: auto;\" src=\"http://localhost:8000/mceu_246896018131678329885531.jpg\"></p>\r\n<p>Nhờ v&agrave;o m&oacute;n đồ Spectral Sickle, c&aacute;c hỗ trợ AD sẽ được cung cấp th&ecirc;m v&agrave;ng khi g&acirc;y s&aacute;t thương l&ecirc;n tướng, trụ của đối phương. Với sải tay d&agrave;i, những Caitlyn, Ashe c&oacute; thể dễ d&agrave;ng c&oacute; lợi thế.</p>\r\n<p>Sau khi ho&agrave;n th&agrave;nh vật phẩm từ trang bị tr&ecirc;n, người chơi c&oacute; thể đặt 3 con mắt, tạo lợi thế về tầm nh&igrave;n. Nhờ đ&oacute;, vị tr&iacute; xạ thủ ch&iacute;nh c&oacute; thể farm l&iacute;nh thoải m&aacute;i v&agrave; l&ecirc;n được trang bị sớm, nhanh ch&oacute;ng tạo được sức ảnh hưởng lớn hơn trong game đấu.</p>\r\n<p>Từ trước đến nay, gần như chỉ c&oacute; mỗi Graves tr&ecirc;n ở vị tr&iacute; đi rừng được hưởng lợi từ m&oacute;n trang bị tr&ecirc;n. Nhưng giờ th&igrave; c&aacute;c hỗ trợ AD cũng c&oacute; thể kết hợp cực tốt khi n&oacute; kh&ocirc;ng những gi&uacute;p tăng chỉ số tấn c&ocirc;ng m&agrave; c&ograve;n gi&uacute;p kiểm so&aacute;t bản đồ tốt.</p>',238,'show','tin-game','2023-03-09 09:45:11'),(39,'5 sự kiện eSports nhiều lượt xem nhất 2022: DOTA2 mất hút','http://localhost:8000/G2-vo-dich-LEC-Mua-Dong-3.jpg','Theo thống kê, các giải đấu Mobile Legends chiếm đa số trong danh sách này.','<p>Việc Covid-19 qua đi đ&atilde; gi&uacute;p c&aacute;c giải đấu thể thao điện tử được tổ chức offline nhiều hơn. Dưới đ&acirc;y l&agrave; top 5 sự kiện c&oacute; lượt view cao nhất trong c&ugrave;ng 1 thời điểm (lưu &yacute;: chưa bao gồm c&aacute;c nền tảng của Trung Quốc).</p>\r\n<p><img style=\"display: block; margin-left: auto; margin-right: auto;\" src=\"http://localhost:8000/mceu_955101579141678329987927.jpg\"></p>\r\n<p>Rất bất ngờ, bộ m&ocirc;n Mobile Legends: Bang Bang nằm trong sự kiện SEA Games tổ chức tại Việt Nam d&ugrave; kh&ocirc;ng kh&ocirc;ng phải giải đấu độc lập nhưng lại h&uacute;t view cực nhiều với 2,2 triệu lượt xem. C&agrave;ng đặc biệt hơn, quy m&ocirc; giải đấu chỉ nằm trong khu vực Đ&ocirc;ng Nam &Aacute;.</p>\r\n<p>Tiếp tục l&agrave; tựa game Mobile Legends, nhưng lần n&agrave;y n&oacute; chỉ g&oacute;i gọn ở đất nước Indonesia. Sự kiện n&agrave;y thu h&uacute;t 2,21 triệu người theo d&otilde;i. Giải thưởng của giải đấu n&agrave;y cũng rất lớn: 300.000 USD.</p>\r\n<p>Mobile Legends tiếp tục hiện hiện trong danh s&aacute;ch n&agrave;y. Giải đấu cấp độ Đ&ocirc;ng Nam &Aacute; tổ chức tại Malaysia, quy tụ 12 đội. RSG Philippines l&agrave; c&aacute;i t&ecirc;n gi&agrave;nh chiến thắng. Sự kiện n&agrave;y c&oacute; 2,8 triệu lượt xem, thậm ch&iacute; c&ograve;n cao hơn The International 10.</p>\r\n<p>Thật th&uacute; vị l&agrave; 2 giải đấu Mobile Legends ở Indonesia lại c&ugrave;ng nằm trong top 5 của danh s&aacute;ch. Điều đ&oacute; cho thấy tr&ograve; chơi n&agrave;y phổ biến như thế n&agrave;o ở đất nước đạo hồi. M&ugrave;a 9 của MLBB c&oacute; 2,84 triệu người xem c&ugrave;ng một l&uacute;c, cao thứ 3 trong lịch sử của tựa game.</p>\r\n<p>Cho đến nay, Li&ecirc;n minh huyền thoại đ&atilde; được chứng minh l&agrave; tựa game phổ biến nhất tr&ecirc;n PC v&agrave; l&agrave; sự kiện được xem nhiều thứ hai trong lịch sử thể thao điện tử. Đỉnh cao 5,1 triệu chỉ k&eacute;m 300.000 view so với sự kiện kỷ lục mọi thời đại, Free Fire World Series 2021.</p>',238,'show','tin-game','2023-03-09 09:47:01'),(40,'Arsenal quan tâm tiền vệ của Dortmund','http://localhost:8000/arsenal-chieu-mo-caicedo-2.jpg','Theo báo cáo ở Đức, Pháo thủ là một trong những đội bóng dành sự quan tâm cho Mahmoud Dahoud','<p>Cầu thủ 27 tuổi hiện đang ở m&ugrave;a giải thứ 6 tại Signal Iduna Park nhưng đang phải vật lộn để đảm bảo một vai tr&ograve; thường xuy&ecirc;n trong đội. Sau qu&atilde;ng thời gian ngồi ngo&agrave;i v&igrave; chấn thương, anh chỉ thi đấu vỏn vẹn 21 ph&uacute;t trong 8 trận gần nhất của Dortmund tại Bundesliga. Trong khi đ&oacute;, tiền vệ sinh năm 1996 chưa ra s&acirc;n bất kỳ trận n&agrave;o ở Champions League m&ugrave;a b&oacute;ng năm nay.</p>\r\n<p><img style=\"display: block; margin-left: auto; margin-right: auto;\" src=\"http://localhost:8000/mceu_847238874151678330059900.jpg\"></p>\r\n<p>Thỏa thuận giữa Dahoud với đội b&oacute;ng v&ugrave;ng Ruhr sẽ hết hạn v&agrave;o cuối m&ugrave;a giải n&agrave;y v&agrave; đội chủ s&acirc;n Signal Iduna Park đ&atilde; x&aacute;c nhận rằng họ sẽ kh&ocirc;ng gia hạn hợp đồng với anh. Theo Sky Sport Germany, tiền vệ 26 tuổi nhận được sự quan t&acirc;m của kh&ocirc;ng &iacute;t đội b&oacute;ng với Arsenal l&agrave; một trong số đ&oacute;. Ngo&agrave;i ra, những Leicester City, AC Milan, Napoli v&agrave; Roma cũng được cho l&agrave; nằm trong danh s&aacute;ch.</p>\r\n<p>Gi&aacute;m đốc thể thao của Dortmund - Sebastian Kehl - cho biết v&agrave;o th&aacute;ng trước: \"T&ocirc;i đ&atilde; c&oacute; một cuộc tr&ograve; chuyện rất cởi mở v&agrave; trung thực với Mo v&agrave;o tuần trước. T&ocirc;i đ&atilde; th&ocirc;ng b&aacute;o với cậu ấy rằng ch&uacute;ng t&ocirc;i sẽ kh&ocirc;ng gia hạn hợp đồng của cậu ấy v&agrave;o m&ugrave;a h&egrave;. Mo đ&atilde; gắn b&oacute; với ch&uacute;ng t&ocirc;i được s&aacute;u năm rồi, cậu ấy l&agrave; một cầu thủ b&oacute;ng đ&aacute; rất giỏi v&agrave; t&ocirc;i thực sự đ&aacute;nh gi&aacute; rất cao về cậu ấy về mặt thể thao v&agrave; t&iacute;nh c&aacute;ch. Tuy nhi&ecirc;n, ch&uacute;ng t&ocirc;i quyết định thực hiện bước đi n&agrave;y\".</p>\r\n<p>Rạng s&aacute;ng nay, Dortmund của Dahoud đ&atilde; phải nhận trận thua 0-2 tr&ecirc;n s&acirc;n Chelsea ở lượt về v&ograve;ng 16 đội Champions League, qua đ&oacute; n&oacute;i lời chia tay giải đấu. Trong khi đ&oacute;, Arsenal hiện đang dẫn đầu tại Ngoại hạng Anh với khoảng c&aacute;ch 5 điểm so với Man City v&agrave; rạng s&aacute;ng ng&agrave;y thứ 6 tới đ&acirc;y, Ph&aacute;o thủ sẽ thi đấu ở v&ograve;ng 16 đội Europa League với trận lượt đi tr&ecirc;n s&acirc;n của Sporting Lisbon.</p>',238,'show','chuyen-nhuong','2023-03-09 09:48:00'),(41,' Irving đến Dallas, Doncic có thêm người chia lửa','http://localhost:8000/Irving-den-Dallas-1.jpg','Brooklyn Nets đã quyết định để ngôi sao lớn này ra đi do không thể đáp ứng mức lương của anh.','<p>Dallas Mavericks đ&atilde; đạt được thỏa thuận với Brooklyn Nets về việc chi&ecirc;u mộ ng&ocirc;i sao Kyrie Irving. Đổi lại, đội b&oacute;ng bang Texas sẽ gửi Spencer Dinwiddie, Dorian Finney-Smith v&agrave; nhiều lượt chọn cho đối t&aacute;c, cụ thể l&agrave; pick 2 năm 2027, 2029 v&agrave; pick 1 năm 2029.</p>\r\n<p style=\"text-align: center;\"><img src=\"http://localhost:8000/mceu_213900928161678330155949.jpg\"></p>\r\n<p>Irving l&agrave; một cầu thủ v&ocirc; c&ugrave;ng t&agrave;i năng. Anh c&oacute; 8 lần được chọn v&agrave;o đội h&igrave;nh All-Star, ghi trung b&igrave;nh 27,4 điểm m&ugrave;a trước (cao nhất sự nghiệp). M&ugrave;a giải năm nay, hậu vệ n&agrave;y c&oacute; trung b&igrave;nh 27,1 điểm v&agrave; tiếp tục v&agrave;o đội h&igrave;nh xuất ph&aacute;t của team All-Star Miền Đ&ocirc;ng.</p>\r\n<p>Tuy vậy, t&iacute;nh c&aacute;ch của Irving đ&atilde; biến anh th&agrave;nh mối phiền to&aacute;i cực lớn ở Nets. Do kh&ocirc;ng chịu ti&ecirc;m vaccine n&ecirc;n cầu thủ n&agrave;y vắng mặt rất nhiều trận đấu. Kyrie muốn một bản hợp đồng c&oacute; thời hạn 4 năm với trị gi&aacute; 198,5 triệu USD. Nets kh&ocirc;ng thể đ&aacute;p ứng con số n&agrave;y khi m&agrave; những rắc rối m&agrave; ng&ocirc;i sao mang đến cũng lớn như như những g&igrave; anh đ&oacute;ng g&oacute;p.</p>\r\n<p>Mavericks hiện đang tạm xếp thứ 6 tr&ecirc;n bảng xếp hạng miền T&acirc;y. Lối chơi của đội b&oacute;ng phụ thuộc rất nhiều v&agrave;o Luka Doncic. Anh hiện ghi trung b&igrave;nh 33,4 điểm m&ugrave;a n&agrave;y, chỉ k&eacute;m Joel Embiid. Việc c&oacute; th&ecirc;m một ng&ocirc;i sao đẳng cấp All-Star như Irving về, r&otilde; r&agrave;ng h&agrave;ng c&ocirc;ng của Mavs sẽ rất mạnh.</p>',238,'show','bong-ro','2023-03-09 09:49:44'),(42,'LeBron lập kỷ lục ghi điểm, đứng đầu toàn cõi NBA','http://localhost:8000/LeBron-lap-ky-luc-ghi-diem-2-1.jpg','‘Nhà Vua’ đã chính thức vượt qua cột mốc của Kareem.','<p>Năm 1989, Abdul-Jabbar giải nghệ v&agrave; để lại kỷ lục điểm số NBA l&agrave; 38.387 điểm. M&atilde;i đến tận h&ocirc;m nay, mới c&oacute; người vượt qua cột mốc n&agrave;y, đ&oacute; kh&ocirc;ng phải ai kh&aacute;c m&agrave; ch&iacute;nh l&agrave; LeBron James. C&uacute; ghi điểm trong v&aacute;n 3 trận gặp Oklahoma City Thunder diễn ra s&aacute;ng ng&agrave;y 08/02 (giờ Việt Nam) đ&atilde; gi&uacute;p &lsquo;Nh&agrave; Vua&rsquo; ghi t&ecirc;n m&igrave;nh v&agrave;o lịch sử.</p>\r\n<p><img style=\"display: block; margin-left: auto; margin-right: auto;\" src=\"http://localhost:8000/mceu_394964785181678330284332.jpg\"></p>\r\n<p>Điều n&agrave;y cho thấy nỗ lực v&ocirc; c&ugrave;ng bền bỉ của LeBron. Từng được đ&aacute;nh gi&aacute; l&agrave; cầu thủ chỉ mạnh về thể chất chứ kh&ocirc;ng giỏi về ghi điểm. Thế nhưng, anh đ&atilde; lần lượt x&ocirc; đổ kỷ lục của những ng&ocirc;i sao &lsquo;kh&eacute;t tiếng&rsquo; kh&aacute;c như Karl Malone, Kobe Bryant, Michael Jordan v&agrave; giờ l&agrave; Kareen. Đ&aacute;ng n&oacute;i, James chỉ cần hơn 1.400 trận để vượt qua kỷ lục của người tiền bối (Kareen trải qua 1.560 trận).</p>\r\n<p>&lsquo;Nh&agrave; Vua&rsquo; kh&ocirc;ng phải l&agrave; một cỗ m&aacute;y ghi b&agrave;n đơn thuần, anh cũng c&oacute; số pha kiến tạo nhiều thứ tư trong lịch sử NBA, v&agrave; được biết đến với kỹ năng l&atilde;nh đạo tr&ecirc;n s&acirc;n. Anh đoạt tổng cộng MVP 4 lần v&agrave; đ&atilde; v&ocirc; địch NBA với 3 đội kh&aacute;c nhau (Cavaliers, Lakers v&agrave; Miami Heat).</p>\r\n<p>Về tương lai, LeBron cho biết anh muốn chơi c&ugrave;ng con trai m&igrave;nh, Bronny, người đủ điều kiện gia nhập NBA năm 2024. Đến l&uacute;c đ&oacute;, James c&oacute; thể vượt qua mốc 40.000 điểm nếu tỷ lệ ghi b&agrave;n của anh ấy được giữ vững.</p>',238,'show','bong-ro','2023-03-09 09:51:31'),(43,'Đâu là bến đỗ phù hợp cho Roberto Firmino mùa Hè này?','http://localhost:8000/ben-do-phu-hop-roberto-firmino-liverpool.jpg','Rời Liverpool sau những năm tháng huy hoàng, Roberto Firmino sẽ đi đến đâu cho phần còn lại của sự nghiệp?','<p>Pha lập c&ocirc;ng muộn của Roberto Firmino v&agrave;o lưới United l&agrave; b&agrave;n thắng thứ 108 của anh cho c&acirc;u lạc bộ, v&agrave; sẽ được nhớ đến như một trong những b&agrave;n thắng cuối c&ugrave;ng của anh tại Anfield. Bởi lẽ cầu thủ người Brazil sẽ rời Liverpool sau khi hết hạn hợp đồng v&agrave;o m&ugrave;a h&egrave;. Tiền đạo 31 tuổi sẽ được nhớ đến như một cầu thủ vĩ đại của Liverpool đương đại, người đ&atilde; đ&oacute;ng một vai tr&ograve; quan trọng trong thời kỳ thịnh vượng nhất của c&acirc;u lạc bộ trong kỷ nguy&ecirc;n hiện đại.</p>\r\n<p>V&agrave; trong khi tầm quan trọng của Firmino đối với đội b&oacute;ng của Jurgen Klopp đ&atilde; giảm đi trong thời gian gần đ&acirc;y, th&igrave; việc anh ra đi sẽ kh&aacute; kh&oacute; khăn. Ch&iacute;nh x&aacute;c th&igrave; cuộc phi&ecirc;u lưu tiếp theo của anh vẫn chưa được x&aacute;c định. C&ugrave;ng xem x&eacute;t một v&agrave;i điểm đến khả dĩ cho ch&agrave;ng vũ c&ocirc;ng Samba v&agrave;o m&ugrave;a h&egrave; n&agrave;y.</p>\r\n<p><img style=\"display: block; margin-left: auto; margin-right: auto;\" src=\"http://localhost:8000/ben-do-phu-hop-roberto-firmino-liverpool.jpg\" alt=\"\" width=\"800\" height=\"450\"></p>\r\n<p>Đội b&oacute;ng T&acirc;y Ban Nha đ&atilde; được li&ecirc;n kết với Firmino nhưng thương vụ chỉ c&oacute; thể xảy ra trong trường hợp Joao Felix k&yacute; kết ch&iacute;nh thức với Chelsea. Tuyển thủ Brazil c&oacute; thể kh&ocirc;ng c&ograve;n ở thời đỉnh cao phong độ nhưng anh vẫn c&ograve;n v&agrave;i năm nữa để chơi b&oacute;ng ở cấp độ n&agrave;y. Hơn nữa, anh c&ograve;n l&agrave; mẫu tiền đạo m&agrave; HLV Diego Simeone đ&aacute;nh gi&aacute; cao. Bobby sở hữu nhiều kinh nghiệm, sự kh&eacute;o l&eacute;o cả khi c&oacute; v&agrave; kh&ocirc;ng c&oacute; b&oacute;ng, cũng như một tinh thần l&agrave;m việc kh&ocirc;ng mệt mỏi.</p>\r\n<p>C&aacute;c b&aacute;o c&aacute;o tại Thổ Nhĩ Kỳ cho biết Galatasaray đ&atilde; li&ecirc;n hệ với c&ocirc;ng ty quản l&yacute; ROGON của Firmino. Điều đ&oacute; nghĩa l&agrave; một vụ chuyển nhượng đang đến gần hơn bao giờ hết sau những diễn biến gần đ&acirc;y. G&atilde; khổng lồ Thổ Nhĩ Kỳ c&oacute; thể sớm n&oacute;i chuyện trực tiếp với cầu thủ n&agrave;y v&agrave; sẵn s&agrave;ng cử đại diện sang Anh để tăng cường đ&agrave;m ph&aacute;n.</p>\r\n<p>Mặc d&ugrave; việc chuyển đến Thổ Nhĩ Kỳ sẽ khiến Firmino trượt khỏi 5 giải đấu h&agrave;ng đầu ch&acirc;u &Acirc;u, nhưng thỏa thuận n&agrave;y c&oacute; thể c&aacute;m dỗ anh nếu Galatasaray chơi ở Champions League m&ugrave;a tới</p>\r\n<p>Với việc Romelu Lukaku đang gặp trở ngại trong lần trở về San Siro v&agrave; những kh&oacute; khăn t&agrave;i ch&iacute;nh bủa v&acirc;y, Inter Milan c&oacute; thể sẽ phải thanh l&yacute; ch&acirc;n s&uacute;t người Bỉ v&agrave; mang về người thay thế với chi ph&iacute; rẻ hơn. Khi đ&oacute;, tiền đạo của Liverpool l&agrave; một trong số những lựa chọn ph&ugrave; hợp. Tất nhi&ecirc;n Firmino sẽ kh&ocirc;ng thể ra s&acirc;n đều đặn trong đội h&igrave;nh của HLV Inzaghi nhưng c&oacute; thể đ&oacute;ng vai tr&ograve; nổi bật ở giai đoạn ho&agrave;ng h&ocirc;n của sự nghiệp.</p>\r\n<p>Ở m&ugrave;a h&egrave; năm nay, Rossoneri sẽ c&oacute; mặt tr&ecirc;n TTCN để t&igrave;m kiếm một ch&acirc;n s&uacute;t mới khi Olivier Giroud đ&atilde; 37 tuổi, Divock Origi th&igrave; loay hoay th&iacute;ch nghi với đội b&oacute;ng trong khi Charles De Ketelaere đang chịu đựng một khởi đầu đ&aacute;ng qu&ecirc;n tại &Yacute;. Tuy nhi&ecirc;n, ng&acirc;n s&aacute;ch của Milan chắc chắn sẽ ưu ti&ecirc;n cho việc giữ ch&acirc;n Rafael Leao v&agrave; chỉ c&oacute; thể chi ti&ecirc;u hạn chế cho một gương mặt mới, Firmino sẽ đ&aacute;p ứng được nhu cầu đ&oacute;.</p>\r\n<p>&nbsp;</p>',238,'show','chuyen-nhuong','2023-03-09 09:52:59'),(44,'Nhận định Bayern Munich vs PSG (03h00 ngày 09/03): Tâm điểm Kylian Mbappe','http://localhost:8000/Nhan-dinh-Bayern-Munich-vs-PSG-5.jpg','(Lượt về vòng 1/8 Champions League 2022/23) “Hùm xám” có lợi thế về tỷ số lẫn sân đấu, nhưng họ cần hết sức cảnh giác với tiền đạo cánh trái bên phía đối phương.','<p>Trận lượt đi tại s&acirc;n C&ocirc;ng vi&ecirc;n c&aacute;c Ho&agrave;ng tử đ&atilde; kết th&uacute;c với phần thắng 1-0 nghi&ecirc;ng về Bayern Munich. Đến m&agrave;n thư h&ugrave;ng quyết định v&agrave;o rạng s&aacute;ng 9/3, thầy tr&ograve; HLV Julian Nagelsmann trở về th&aacute;nh địa Allianz Arena v&agrave; được đ&aacute;nh gi&aacute; nhỉnh hơn Paris Saint-Germain.</p>\r\n<p>Tuy nhi&ecirc;n, họ sẽ phải đương đầu với một Kylian Mbappe đang thăng hoa. Ở 3 lần ra s&acirc;n gần nhất, ch&acirc;n s&uacute;t người Ph&aacute;p đ&atilde; mang lại 5 pha lập c&ocirc;ng v&agrave; đ&oacute;ng g&oacute;p 1 đường kiến tạo. C&aacute;ch đ&acirc;y 3 tuần, anh cũng h&agrave;nh hạ h&agrave;ng ph&ograve;ng ngự Bayern d&ugrave; chỉ v&agrave;o s&acirc;n từ ghế dự bị, trong bối cảnh chưa c&oacute; được thể lực tốt nhất.</p>\r\n<p><img style=\"display: block; margin-left: auto; margin-right: auto;\" src=\"http://localhost:8000/mceu_265119908191678330769595.jpg\"></p>\r\n<p>Cả hai đội đều đ&atilde; chạy đ&agrave; cho m&agrave;n đọ sức sắp tới bằng những thắng lợi. Bayern Munich khuất phục Union Berlin v&agrave; Stuttgart để giữ ng&ocirc;i dẫn đầu Bundesliga, c&ograve;n PSG li&ecirc;n tục vượt qua Lille, Marseille v&agrave; Nantes, qua đ&oacute; bỏ xa nh&oacute;m b&aacute;m đuổi tại Ligue 1.</p>\r\n<p>G&atilde; nh&agrave; gi&agrave;u nước Ph&aacute;p di chuyển đến Đức m&agrave; kh&ocirc;ng c&oacute; sự phục vụ của Neymar. Dẫu vậy, họ vẫn c&ograve;n đ&oacute; Lionel Messi &ndash; người sẵn s&agrave;ng thả những quả b&oacute;ng ra sau lưng h&agrave;ng thủ đối phương để tận dụng tốc độ của Mbappe hay hậu vệ tr&aacute;i Nuno Mendes.</p>\r\n<p>Từ m&ugrave;a giải 2010/11 đến nay, Bayern Munich chưa bao giờ bị loại khỏi C&uacute;p C1 sau khi thắng trận lượt đi. Lần n&agrave;y, đội b&oacute;ng c&oacute; biệt danh Die Roten cần tối thiểu một trận h&ograve;a để đi tiếp. Nhiệm vụ ấy kh&ocirc;ng hề đơn giản, nhưng bản lĩnh của &ldquo;H&ugrave;m x&aacute;m&rdquo; c&oacute; lẽ sẽ được ph&aacute;t huy tr&ecirc;n s&acirc;n nh&agrave;.</p>',238,'show','nhan-dinh','2023-03-09 09:59:56'),(45,'Nhận định Chelsea vs Dortmund (03h00 ngày 08/03): Chia tay The Blues?','http://localhost:8000/Nhan-dinh-Chelsea-vs-Dortmund-2.jpg','Thách thức lớn đang chờ đón đội chủ sân Stamford Bridge khi họ chạm mặt một đội bóng đang thăng hoa','<p>Sau chuỗi ng&agrave;y thất vọng với 3 trận h&ograve;a rồi lại 3 thất bại li&ecirc;n tiếp, cuối c&ugrave;ng Chelsea cũng nở nụ cười chiến thắng khi đ&aacute;nh bại Leeds United 1-0 hồi cuối tuần trước. Đ&oacute; cũng l&agrave; b&agrave;n thắng đầu ti&ecirc;n của đại diện th&agrave;nh London kể từ ng&agrave;y 11/2. B&oacute;ng &ldquo;chết&rdquo; trở th&agrave;nh cứu c&aacute;nh cho thầy tr&ograve; Graham Potter trong bối cảnh họ vẫn chưa hiệu quả với những t&igrave;nh huống mở.</p>\r\n<p>Đụng độ Borussia Dortmund, The Blues cần n&acirc;ng cao hiệu suất tấn c&ocirc;ng hơn nữa th&igrave; mới c&oacute; thể san lấp c&aacute;ch biệt 1 b&agrave;n để thua tại lượt đi. Ben Chilwell đ&atilde; trở lại b&ecirc;n h&agrave;nh lang tr&aacute;i v&agrave; cung cấp những pha di chuyển theo chiều s&acirc;u. Reece James cũng được dự b&aacute;o sẽ t&aacute;i xuất. Bộ đ&ocirc;i người Anh l&agrave; c&aacute;c nh&acirc;n tố rất quan trọng trong sơ đồ 3-4-3 của HLV Potter.</p>\r\n<p>Dẫu vậy, th&aacute;ch thức d&agrave;nh cho Chelsea vẫn kh&ocirc;ng hề nhỏ. Dortmund vừa c&oacute; thắng lợi thứ 10 li&ecirc;n tiếp tr&ecirc;n mọi đấu trường sau khi hạ gục đối thủ mạnh RB Leipzig. Trong năm 2023, kh&ocirc;ng đội b&oacute;ng n&agrave;o thể hiện phong độ tốt hơn tập thể &aacute;o v&agrave;ng đen.</p>\r\n<p><img style=\"display: block; margin-left: auto; margin-right: auto;\" src=\"http://localhost:8000/mceu_725888616201678330844449.jpg\"></p>\r\n<p>Đo&agrave;n qu&acirc;n của HLV Edin Terzic c&oacute; l&yacute; do để tự tin d&ugrave; phải chơi tại s&acirc;n Stamford Bridge. Trong 5 chuyến l&agrave;m kh&aacute;ch gần nhất, họ to&agrave;n thắng cả 5 trận, ghi 9 b&agrave;n v&agrave; chỉ thủng lưới 2 lần. Lợi thế dẫn trước từ lượt đi c&agrave;ng tạo điều kiện gi&uacute;p đội b&oacute;ng c&oacute; biệt danh Die Schwarzgelben chơi ph&ograve;ng ngự phản c&ocirc;ng. Đ&aacute;ng tiếc l&agrave; Dortmund sẽ kh&ocirc;ng c&oacute; sự phục vụ của ch&acirc;n s&uacute;t trẻ Karim Adeyemi &ndash; người đ&atilde; d&iacute;nh chấn thương.</p>\r\n<p>Tất nhi&ecirc;n, ở C&uacute;p C1, mọi chuyện đều c&oacute; thể xảy ra. C&aacute;ch biệt 1 b&agrave;n suy cho c&ugrave;ng cũng rất mong manh. Đội n&agrave;o mắc sai lầm sẽ phải trả c&aacute;i gi&aacute; cực đắt.</p>',238,'show','nhan-dinh','2023-03-09 10:01:00'),(46,' Nữ cầu thủ đẹp nhất thế giới tạm chia tay bóng đá','http://localhost:8000/Ana-Markovic-chia-tay-bong-da-2.jpg','Sự cố mới đây khiến mỹ nhân tóc vàng Ana Maria Markovic phải ngồi chơi xơi nước khá lâu.','<p>Cuối tuần trước, tiền vệ 22 tuổi đ&atilde; ra s&acirc;n cho Grasshopper trong trận derby với FC Zurich. Kh&ocirc;ng những đội b&oacute;ng của c&ocirc; thua cuộc m&agrave; bản th&acirc;n ng&ocirc;i sao xinh đẹp n&agrave;y c&ograve;n gặp phải vấn đề tại đầu gối. Tr&ecirc;n Instagram,&nbsp;Ana&nbsp;t&acirc;m sự:</p>\r\n<p>&ldquo;Xin ch&agrave;o c&aacute;c bạn. T&ocirc;i kh&ocirc;ng biết phải bắt đầu như thế n&agrave;o. Thật xui xẻo khi trận vừa rồi t&ocirc;i d&iacute;nh chấn thương v&agrave; giờ phải tạm rời xa b&oacute;ng đ&aacute; trong một khoảng thời gian d&agrave;i. T&ocirc;i vẫn c&ograve;n đau lắm. Nhưng mọi người biết t&ocirc;i c&oacute; c&aacute; t&iacute;nh mạnh mẽ v&agrave; t&ocirc;i sẽ trở lại. Cảm ơn c&aacute;c bạn v&igrave; đ&atilde; ủng hộ.&rdquo;</p>\r\n<p><img style=\"display: block; margin-left: auto; margin-right: auto;\" src=\"http://localhost:8000/mceu_172878022211678330906503.jpg\"></p>\r\n<p>Hồi năm ngo&aacute;i, trong một cuộc phỏng vấn, Ana từng biểu lộ dự định chuyển m&ocirc;i trường thi đấu: &ldquo;T&ocirc;i th&iacute;ch việc sang Anh quốc ở giai đoạn sau n&agrave;y. Hiện tại t&ocirc;i chưa sẵn s&agrave;ng sang nước kh&aacute;c bởi v&igrave; Grasshopper đang rất tr&acirc;n trọng t&ocirc;i v&agrave; t&ocirc;i cảm thấy thoải m&aacute;i v&agrave;o l&uacute;c n&agrave;y.&rdquo;</p>\r\n<p>Cũng trong buổi tr&ograve; chuyện kể tr&ecirc;n, b&oacute;ng hồng người Croatia chia sẻ về c&aacute;ch phản ứng của kh&aacute;n giả với hai giới cầu thủ:</p>\r\n<p>&ldquo;Điều kh&aacute;c biệt giữa đ&agrave;n &ocirc;ng v&agrave; phụ nữ được thể hiện khi t&ocirc;i đăng ảnh mặc bikini l&ecirc;n mạng x&atilde; hội, c&ograve;n Erling Haaland chia sẻ h&igrave;nh mặc quần bơi. Gần như Haaland chẳng bao giờ nhận được những b&igrave;nh luận ph&acirc;n biệt giới t&iacute;nh cả.</p>\r\n<p>Phụ nữ vẫn lu&ocirc;n ủng hộ nhau, tuy nhi&ecirc;n t&ocirc;i mong rằng ph&aacute;i mạnh cũng bảo vệ ch&uacute;ng t&ocirc;i. Đ&agrave;n &ocirc;ng thường n&oacute;i với nhau về danh dự, nhưng sẽ thực sự đ&aacute;ng tự h&agrave;o nếu họ đứng l&ecirc;n v&igrave; ch&uacute;ng t&ocirc;i trong những t&igrave;nh huống như thế.&rdquo;</p>',238,'show','hau-truong','2023-03-09 10:02:09'),(47,'AI chỉ ra CLB có dàn WAG\'s hấp dẫn nhất Ngoại hạng Anh','http://localhost:8000/Ana-Markovic-chia-tay-bong-da-3.jpg','Trí tuệ nhân tạo (AI) đã được tờ The Sun sử dụng để chấm điểm cho độ hấp dẫn của những cầu thủ ở Ngoại hạng Anh lẫn WAGs của họ.','<p>Sự hấp dẫn được AI x&aacute;c định bởi một ứng dụng c&oacute; t&ecirc;n l&agrave; &ldquo;Kiểm tra độ thu h&uacute;t.&rdquo; Hệ thống tr&iacute; tuệ nh&acirc;n tạo n&agrave;y t&iacute;nh to&aacute;n mức độ hấp dẫn của một người bằng thuật to&aacute;n tự học của m&aacute;y t&iacute;nh v&agrave; thị gi&aacute;c m&aacute;y t&iacute;nh. Sau đ&oacute; n&oacute; cho chấm mọi người tr&ecirc;n thang điểm cao nhất l&agrave; 10.</p>\r\n<p style=\"text-align: center;\"><img src=\"http://localhost:8000/mceu_645021029221678330965353.jpg\"></p>\r\n<p>Trong khi đ&oacute;, &ldquo;m&aacute;y săn b&agrave;n&rdquo; Erling Haaland chỉ được gắn mắc 5,6 điểm. Đ&aacute;ng n&oacute;i, bạn g&aacute;i của tiền đạo thuộc bi&ecirc;n chế Man City nằm trong số những n&agrave;ng WAG&rsquo;s c&oacute; số điểm cao nhất giải đấu với tận 8,9. Điều đ&oacute; khiến họ trở th&agrave;nh cặp đ&ocirc;i c&oacute; khoảng c&aacute;ch ch&ecirc;nh lệch nhất về độ hấp dẫn.</p>\r\n<p>Trong khi cặp đều c&oacute; số điểm cao nhất giải Ngoại hạng Anh l&agrave; Ben White (8,4) v&agrave; vị h&ocirc;n th&ecirc; Milly Adams (9,4 điểm).&nbsp;</p>\r\n<p>Arsenal l&agrave; CLB được AI đ&aacute;nh gi&aacute; sở hữu d&agrave;n WAGs quyến rũ nhất khi nhan sắc của vợ Granit Xhaka, h&ocirc;n th&ecirc; của Oleksandr Zinchenko, Gabriel Jesus hay bạn g&aacute;i Rob Holding cũng rất quyến rũ.</p>\r\n<p>&nbsp;</p>\r\n<p style=\"text-align: center;\">&nbsp;</p>',238,'show','hau-truong','2023-03-11 15:06:33');
/*!40000 ALTER TABLE `posts` ENABLE KEYS */;
UNLOCK TABLES;

--
-- Table structure for table `stories`
--

DROP TABLE IF EXISTS `stories`;
/*!40101 SET @saved_cs_client     = @@character_set_client */;
/*!50503 SET character_set_client = utf8mb4 */;
CREATE TABLE `stories` (
  `id` int NOT NULL AUTO_INCREMENT,
  `image` varchar(255) CHARACTER SET utf8mb3 COLLATE utf8_unicode_ci NOT NULL,
  `userId` int NOT NULL,
  `createdAt` datetime DEFAULT NULL,
  PRIMARY KEY (`id`),
  UNIQUE KEY `id_UNIQUE` (`id`)
) ENGINE=InnoDB AUTO_INCREMENT=24 DEFAULT CHARSET=utf8mb3 COLLATE=utf8_unicode_ci;
/*!40101 SET character_set_client = @saved_cs_client */;

--
-- Dumping data for table `stories`
--

LOCK TABLES `stories` WRITE;
/*!40000 ALTER TABLE `stories` DISABLE KEYS */;
INSERT INTO `stories` VALUES (14,'http://localhost:8000/Djokovic-Alcaraz-kinh-dich-1.jpg',228,'2023-03-03 20:56:52'),(15,'http://localhost:8000/Liverpool-lai-danh-roi-diem-so-1.jpg',228,'2023-03-03 20:56:55'),(16,'http://localhost:8000/so-sanh-Messi-va-James-Ward-Prowse-sut-phat-1.jpg',228,'2023-03-03 20:56:59'),(17,'http://localhost:8000/Chelsea-lot-xac-4.jpg',228,'2023-03-08 21:06:40'),(18,'http://localhost:8000/kane-va-osimhen-2.jpg',228,'2023-03-08 21:06:46'),(19,'http://localhost:8000/Kim-Schiele-fan-nu-Dortmund-Reus-1.jpg',228,'2023-03-08 21:06:54'),(20,'http://localhost:8000/Nadal-suy-sup-tinh-than-1.jpg',228,'2023-03-08 21:07:01'),(21,'http://localhost:8000/vong-26-ngoai-hang-anh-2-2.jpg',228,'2023-03-08 21:07:09'),(22,'http://localhost:8000/arsenal-chieu-mo-caicedo-2.jpg',238,'2023-03-09 10:03:49');
/*!40000 ALTER TABLE `stories` ENABLE KEYS */;
UNLOCK TABLES;

--
-- Table structure for table `stories_image`
--

DROP TABLE IF EXISTS `stories_image`;
/*!40101 SET @saved_cs_client     = @@character_set_client */;
/*!50503 SET character_set_client = utf8mb4 */;
CREATE TABLE `stories_image` (
  `id` int NOT NULL AUTO_INCREMENT,
  `title` varchar(255) CHARACTER SET utf8mb3 COLLATE utf8_unicode_ci DEFAULT NULL,
  `image` varchar(255) CHARACTER SET utf8mb3 COLLATE utf8_unicode_ci NOT NULL,
  `storiesId` int NOT NULL,
  `createdAt` datetime DEFAULT NULL,
  PRIMARY KEY (`id`),
  UNIQUE KEY `id_UNIQUE` (`id`),
  KEY `storiesId_idx` (`storiesId`),
  CONSTRAINT `storiesId` FOREIGN KEY (`storiesId`) REFERENCES `stories` (`id`) ON DELETE CASCADE ON UPDATE CASCADE
) ENGINE=InnoDB AUTO_INCREMENT=34 DEFAULT CHARSET=utf8mb3 COLLATE=utf8_unicode_ci;
/*!40101 SET character_set_client = @saved_cs_client */;

--
-- Dumping data for table `stories_image`
--

LOCK TABLES `stories_image` WRITE;
/*!40000 ALTER TABLE `stories_image` DISABLE KEYS */;
INSERT INTO `stories_image` VALUES (28,'test 1','http://localhost:8000/arsenal-chieu-mo-caicedo-1.jpg',22,'2023-03-09 10:07:37'),(29,'test 2','http://localhost:8000/arsenal-chieu-mo-caicedo-2.jpg',22,'2023-03-09 10:07:50'),(30,'test 3','http://localhost:8000/ben-do-phu-hop-roberto-firmino-liverpool.jpg',22,'2023-03-09 10:08:08'),(32,'test 2','http://localhost:8000/Ana-Markovic-chia-tay-bong-da-3.jpg',21,'2023-03-09 16:10:58'),(33,'ádsadsad','http://localhost:8000/ben-do-phu-hop-roberto-firmino-liverpool.jpg',17,'2023-03-09 16:42:24');
/*!40000 ALTER TABLE `stories_image` ENABLE KEYS */;
UNLOCK TABLES;

--
-- Table structure for table `users`
--

DROP TABLE IF EXISTS `users`;
/*!40101 SET @saved_cs_client     = @@character_set_client */;
/*!50503 SET character_set_client = utf8mb4 */;
CREATE TABLE `users` (
  `id` int NOT NULL AUTO_INCREMENT,
  `firstName` varchar(255) CHARACTER SET utf8mb3 COLLATE utf8_unicode_ci NOT NULL,
  `lastName` varchar(255) CHARACTER SET utf8mb3 COLLATE utf8_unicode_ci NOT NULL,
  `gender` varchar(45) CHARACTER SET utf8mb3 COLLATE utf8_unicode_ci DEFAULT NULL,
  `email` varchar(255) CHARACTER SET utf8mb3 COLLATE utf8_unicode_ci NOT NULL,
  `password` varchar(255) CHARACTER SET utf8mb3 COLLATE utf8_unicode_ci NOT NULL,
  `showpass` varchar(255) CHARACTER SET utf8mb3 COLLATE utf8_unicode_ci NOT NULL,
  `phone` double NOT NULL,
  `coverPic` varchar(200) CHARACTER SET utf8mb3 COLLATE utf8_unicode_ci DEFAULT NULL,
  `profilePic` varchar(200) CHARACTER SET utf8mb3 COLLATE utf8_unicode_ci DEFAULT NULL,
  `role` varchar(45) CHARACTER SET utf8mb3 COLLATE utf8_unicode_ci NOT NULL DEFAULT 'user',
  `createdAt` datetime DEFAULT NULL,
  PRIMARY KEY (`id`),
  UNIQUE KEY `id_UNIQUE` (`id`),
  UNIQUE KEY `email_UNIQUE` (`email`)
) ENGINE=InnoDB AUTO_INCREMENT=242 DEFAULT CHARSET=utf8mb3 COLLATE=utf8_unicode_ci;
/*!40101 SET character_set_client = @saved_cs_client */;

--
-- Dumping data for table `users`
--

LOCK TABLES `users` WRITE;
/*!40000 ALTER TABLE `users` DISABLE KEYS */;
INSERT INTO `users` VALUES (228,'liet','quang 1','m','quangthanhliet@gmail.com','$2a$10$0NUHRc8fUutryGUES/lCEuwz.wvifmMxLkbrqkGdP8yNbwZjcfhha','admin',908096448,'http://localhost:8000/Mangekyou_Sharingan_Itachi.svg.png','http://localhost:8000/mceu_18946827821676301135832.jpg','admin','2023-01-01 17:56:58'),(238,'man','nguyen','m','nguyentrongminhman95@gmail.com','$2a$10$PnNzKLye6ra8//wSBxIa2uYjM8ptcqjA/TkTOvVbmQwOx2m4MCtS.','admin',908096448,'http://localhost:8000/1200px-Mangekyou_Sharingan_Itachi.svg.png','http://localhost:8000/maxresdefault.jpg','admin','2023-03-11 15:04:59'),(239,'test 1','nguyen','m','test@gmail.com','$2a$10$DeMcpNl2M6POf9YL2kc30ecJ5NJOYKviVGjq0fYhxQtuswVfh7BNS','admin',908096448,NULL,NULL,'content','2023-01-04 17:58:57'),(240,'saddsa','adssad','dsasda','2121','$2a$10$u/ElwcYO65ztTPwfRrXWG.IEWjS2ieK7KD2jA3mvryEdRWin.j/py','dsdsasda',212321,NULL,NULL,'content','2023-03-04 22:34:14'),(241,'dsadsdas','dsasdaads','sadsda','2e321','$2a$10$FgiBemS.o3vl7N2oSjeOOOLYQS95RotCLQCpFW9EFPyu1PxYWcQdS','sdads',232323,NULL,NULL,'user','2023-03-04 22:34:23');
/*!40000 ALTER TABLE `users` ENABLE KEYS */;
UNLOCK TABLES;
/*!40103 SET TIME_ZONE=@OLD_TIME_ZONE */;

/*!40101 SET SQL_MODE=@OLD_SQL_MODE */;
/*!40014 SET FOREIGN_KEY_CHECKS=@OLD_FOREIGN_KEY_CHECKS */;
/*!40014 SET UNIQUE_CHECKS=@OLD_UNIQUE_CHECKS */;
/*!40101 SET CHARACTER_SET_CLIENT=@OLD_CHARACTER_SET_CLIENT */;
/*!40101 SET CHARACTER_SET_RESULTS=@OLD_CHARACTER_SET_RESULTS */;
/*!40101 SET COLLATION_CONNECTION=@OLD_COLLATION_CONNECTION */;
/*!40111 SET SQL_NOTES=@OLD_SQL_NOTES */;

-- Dump completed on 2023-03-11 15:07:32
